City_ID,City,Lat,Lng,Max Temp,Humidity,Cloudiness,Wind Speed,Current Description
0,Provideniya,64.3833,-173.3,43.34,81,100,2.13,overcast clouds
1,Busselton,-33.65,115.3333,54.09,75,100,20.56,overcast clouds
2,Dogondoutchi,13.6393,4.0287,93.29,38,79,4.18,broken clouds
3,Bouar,5.934,15.596,65.97,93,100,1.97,overcast clouds
4,Kajiado,-1.8524,36.7768,66.92,73,1,10.71,clear sky
5,Avarua,-21.2078,-159.775,73.45,94,20,4.61,few clouds
6,Qaanaaq,77.484,-69.3632,45.14,65,62,1.97,broken clouds
7,Uruzgan,32.8333,66.0,75.56,19,1,1.83,clear sky
8,Pringsewu,-5.3582,104.9744,73.6,98,80,3.15,broken clouds
9,Grindavik,63.8424,-22.4338,51.96,98,100,18.03,overcast clouds
10,Rikitea,-23.1203,-134.9692,73.33,72,3,18.59,clear sky
11,Albany,42.6001,-73.9662,79.79,51,98,1.01,overcast clouds
12,Hobart,-42.8794,147.3294,51.26,64,75,3.0,broken clouds
13,Ushuaia,-54.8,-68.3,42.46,75,75,17.27,light rain
14,Port Augusta,-32.5,137.7667,48.7,87,47,11.77,scattered clouds
15,Torbay,47.6666,-52.7314,54.37,95,90,11.5,mist
16,Malanville,11.8685,3.3899,86.16,51,65,9.57,broken clouds
17,Airai,-8.9266,125.4092,54.75,44,5,2.44,clear sky
18,Mataura,-46.1927,168.8643,39.47,97,14,3.27,few clouds
19,Cape Town,-33.9258,18.4232,49.1,75,0,6.91,clear sky
20,Svetlogorsk,52.6333,29.7333,60.12,64,0,7.36,clear sky
21,Jamestown,42.097,-79.2353,73.18,52,1,5.01,clear sky
22,Severo-Kurilsk,50.6789,156.125,50.54,92,73,1.79,broken clouds
23,Kropotkin,45.4375,40.5756,69.66,80,2,11.21,clear sky
24,Richards Bay,-28.783,32.0377,62.46,35,1,16.8,clear sky
25,Vao,-22.6667,167.4833,69.3,70,4,7.0,clear sky
26,Sapele,5.8941,5.6767,76.1,83,100,4.25,overcast clouds
27,Beringovskiy,63.05,179.3167,47.68,87,45,4.05,scattered clouds
28,Ancud,-41.8697,-73.8203,56.73,96,100,12.08,light rain
29,Puerto Ayora,-0.7393,-90.3518,80.56,89,93,7.0,overcast clouds
30,Arraial Do Cabo,-22.9661,-42.0278,76.96,53,0,9.22,clear sky
31,Atuona,-9.8,-139.0333,77.47,70,88,11.48,overcast clouds
32,Tasiilaq,65.6145,-37.6368,42.96,96,100,9.08,light rain
33,New Norfolk,-42.7826,147.0587,45.45,76,100,4.61,overcast clouds
34,Semnan,35.5729,53.3971,88.72,18,35,7.09,scattered clouds
35,Upernavik,72.7868,-56.1549,39.9,95,100,2.01,overcast clouds
36,Tres Arroyos,-38.3739,-60.2798,63.81,41,100,11.83,overcast clouds
37,Varhaug,58.6147,5.6457,62.78,85,12,23.58,few clouds
38,Vaini,-21.2,-175.2,71.76,94,20,5.75,few clouds
39,Niksar,40.5917,36.9517,68.9,87,91,3.24,overcast clouds
40,Inongo,-1.95,18.2667,76.12,40,26,3.15,scattered clouds
41,Punta Arenas,-53.15,-70.9167,42.42,64,50,15.82,scattered clouds
42,Hermanus,-34.4187,19.2345,46.9,75,42,8.72,scattered clouds
43,Yellowknife,62.456,-114.3525,66.72,72,75,10.36,smoke
44,Umm Lajj,25.0213,37.2685,87.17,64,1,6.69,clear sky
45,Goure,13.9835,10.2704,92.25,38,84,11.05,broken clouds
46,Urengoy,65.9667,78.3667,55.72,65,100,6.46,overcast clouds
47,Kavieng,-2.5744,150.7967,81.97,79,94,14.03,light rain
48,East London,-33.0153,27.9116,50.94,62,40,20.71,light rain
49,Cockburn Town,21.4612,-71.1419,87.76,62,40,12.66,scattered clouds
50,Thompson,55.7435,-97.8558,78.96,57,20,9.22,smoke
51,Kaduna,10.5222,7.4383,72.37,90,100,6.26,overcast clouds
52,Port Hardy,50.6996,-127.4199,57.38,88,75,11.5,broken clouds
53,Achacachi,-16.05,-68.6833,51.33,46,24,12.26,few clouds
54,Lasa,46.6166,10.7002,68.88,81,19,0.56,few clouds
55,Conceicao Do Araguaia,-8.2578,-49.2647,93.33,33,0,9.22,clear sky
56,Tahe,52.3333,124.7333,67.1,99,63,3.47,broken clouds
57,Katsuura,35.1333,140.3,76.62,83,22,2.57,few clouds
58,Kodinsk,58.6881,99.1844,53.46,96,9,2.93,clear sky
59,Padang,-0.9492,100.3543,76.86,84,100,3.38,overcast clouds
60,Hilo,19.7297,-155.09,84.27,88,90,6.91,light rain
61,Ponta Do Sol,32.6667,-17.1,74.75,84,14,5.37,few clouds
62,Saldanha,-33.0117,17.9442,46.45,67,77,15.41,broken clouds
63,Codrington,-38.2667,141.9667,41.49,96,100,10.11,overcast clouds
64,Yenagoa,4.9247,6.2642,75.92,88,100,5.91,light rain
65,Hualmay,-11.0964,-77.6139,68.07,71,17,10.36,few clouds
66,Vigeland,58.0844,7.305,75.29,75,0,10.49,clear sky
67,Port Alfred,-33.5906,26.891,53.06,65,100,28.07,light rain
68,Alice Springs,-23.7,133.8833,54.95,44,6,6.91,clear sky
69,Iqaluit,63.7506,-68.5145,51.53,76,90,15.99,overcast clouds
70,Mestia,43.0458,42.7278,60.76,97,100,1.74,overcast clouds
71,Sibolga,1.7427,98.7792,76.75,85,99,3.27,overcast clouds
72,Bajil,15.0584,43.2851,84.83,65,100,13.44,overcast clouds
73,Chemal,51.4111,86.005,67.15,96,100,2.04,overcast clouds
74,Anloga,5.7947,0.8973,79.02,80,86,12.75,overcast clouds
75,Hambantota,6.1241,81.1185,80.94,89,20,6.91,few clouds
76,Margate,51.3813,1.3862,68.72,70,3,1.99,clear sky
77,Zyryanka,65.75,150.85,55.08,88,100,11.59,overcast clouds
78,Ambilobe,-13.2,49.05,65.79,68,0,4.03,clear sky
79,Saint-Denis,48.9167,2.3333,82.22,45,0,8.05,clear sky
80,Morehead,37.2711,-87.1764,87.84,63,75,1.01,broken clouds
81,Cidreira,-30.1811,-50.2056,60.73,72,1,12.71,clear sky
82,Alugan,12.2188,125.4808,81.93,72,100,14.0,overcast clouds
83,Talnakh,69.4865,88.3972,56.48,87,100,7.29,overcast clouds
84,Bluff,-46.6,168.3333,39.79,83,45,11.7,scattered clouds
85,Belmonte,-15.8631,-38.8828,80.6,70,70,12.26,broken clouds
86,Mahebourg,-20.4081,57.7,70.25,77,75,11.5,broken clouds
87,Kapaa,22.0752,-159.319,79.12,81,75,1.01,light rain
88,Ribeira Grande,38.5167,-28.7,68.9,71,0,10.87,clear sky
89,Klaksvik,62.2266,-6.589,52.72,95,92,3.83,overcast clouds
90,Castro,-24.7911,-50.0119,65.39,46,0,5.39,clear sky
91,Puerto Carreno,6.189,-67.4859,82.92,75,67,8.14,broken clouds
92,Chuy,-33.6971,-53.4616,57.27,68,100,4.99,overcast clouds
93,Pohrebyshche,49.4864,29.2636,59.74,73,1,6.85,clear sky
94,Zaysan,47.4667,84.8667,71.55,47,100,4.03,overcast clouds
95,Butaritari,3.0707,172.7902,83.25,75,19,17.05,light rain
96,Poli,-3.3333,36.8,61.07,79,56,5.57,broken clouds
97,Kieta,-6.2167,155.6333,79.23,86,91,3.22,light rain
98,Haines Junction,60.7522,-137.5108,57.15,58,98,3.44,overcast clouds
99,Moron,-34.6534,-58.6198,70.02,49,64,5.99,broken clouds
100,Chicama,-7.8447,-79.1469,66.74,59,22,10.07,few clouds
101,Coquimbo,-29.9533,-71.3436,53.33,87,40,12.66,scattered clouds
102,Wangaratta,-36.3667,146.3333,43.16,93,90,9.22,overcast clouds
103,Faanui,-16.4833,-151.75,77.88,75,67,15.08,light rain
104,Angoram,-4.0625,144.0661,73.94,98,99,2.59,overcast clouds
105,Werda,-25.2667,23.2833,41.92,40,0,7.63,clear sky
106,Rorvik,64.8621,11.2373,51.78,100,75,9.22,light intensity drizzle
107,Ovsyanka,55.9575,92.5519,56.37,85,0,2.53,clear sky
108,Carutapera,-1.195,-46.02,84.06,69,15,9.84,few clouds
109,Takoradi,4.8845,-1.7554,76.23,81,12,9.73,few clouds
110,Ixtapa,20.7,-105.2,90.23,66,40,5.75,scattered clouds
111,Sorong,-0.8833,131.25,78.26,87,100,6.8,overcast clouds
112,Souillac,-20.5167,57.5167,70.32,70,55,14.63,broken clouds
113,Lebu,-37.6167,-73.65,55.0,74,100,5.82,overcast clouds
114,Belle Glade,26.6845,-80.6676,95.02,65,100,4.18,overcast clouds
115,Drayton Valley,53.2168,-114.9854,66.83,43,100,0.76,overcast clouds
116,Marystown,47.1666,-55.1483,61.02,83,100,6.58,overcast clouds
117,Luderitz,-26.6481,15.1594,59.11,40,13,15.12,few clouds
118,Sao Filipe,14.8961,-24.4956,75.49,87,15,9.24,few clouds
119,Kununurra,-15.7667,128.7333,67.77,34,31,3.33,scattered clouds
120,Kahului,20.8947,-156.47,79.27,69,44,14.88,scattered clouds
121,Saint-Philippe,-21.3585,55.7679,70.07,77,44,12.33,scattered clouds
122,Bredasdorp,-34.5322,20.0403,45.72,81,23,3.44,few clouds
123,Partizanskoye,55.5006,94.39,55.98,86,6,3.0,clear sky
124,Jacareacanga,-6.2222,-57.7528,95.31,46,0,4.61,clear sky
125,Cabo San Lucas,22.8909,-109.9124,84.78,65,0,8.72,clear sky
126,Nabire,-3.3667,135.4833,75.25,90,95,3.89,overcast clouds
127,Altamira,-3.2033,-52.2064,93.29,52,40,6.91,scattered clouds
128,Te Anau,-45.4167,167.7167,34.79,90,51,0.78,broken clouds
129,Soyo,-6.1349,12.3689,71.94,83,20,10.22,few clouds
130,Agadez,19.75,10.25,100.0,12,39,11.01,scattered clouds
131,Hami,42.8,93.45,96.42,15,100,12.88,overcast clouds
132,Cuenca,-2.8833,-78.9833,53.64,88,100,2.06,light rain
133,Abu Samrah,35.3029,37.1841,78.19,64,0,12.73,clear sky
134,Esperance,-33.8667,121.9,49.77,73,0,16.44,clear sky
135,Clarksburg,39.2807,-80.3445,80.71,43,1,6.91,clear sky
136,Touros,-5.1989,-35.4608,83.3,69,49,18.81,scattered clouds
137,Taoudenni,22.6783,-3.9836,109.69,11,7,12.91,clear sky
138,San Cristobal,7.7669,-72.225,67.05,96,100,5.01,overcast clouds
139,Piacabucu,-10.4056,-36.4344,77.59,71,0,10.85,clear sky
140,Canchungo,12.0672,-16.0333,89.67,77,55,10.25,broken clouds
141,Stuttgart,48.7823,9.177,76.8,52,0,6.91,clear sky
142,Mecca,21.4267,39.8261,87.69,46,49,6.58,scattered clouds
143,Geraldton,-28.7667,114.6,54.01,94,90,9.22,overcast clouds
144,Namatanai,-3.6667,152.4333,77.88,83,6,6.6,light rain
145,Alofi,-19.0595,-169.9187,76.96,81,78,15.7,broken clouds
146,Hasaki,35.7333,140.8333,75.49,84,31,4.97,scattered clouds
147,Mahibadhoo,3.7833,72.9667,82.63,75,100,14.32,overcast clouds
148,Sandy Bay,-42.913,147.3532,51.3,64,75,3.0,broken clouds
149,Sitka,57.0531,-135.33,57.09,72,75,6.91,broken clouds
150,Saskylakh,71.9167,114.0833,56.62,76,100,10.38,light rain
151,Tiksi,71.6872,128.8694,40.24,83,100,4.7,overcast clouds
152,Ushibuka,32.1906,130.0228,77.92,80,100,9.6,overcast clouds
153,Umm Kaddadah,13.6017,26.6876,87.78,42,52,12.44,broken clouds
154,Pisco,-13.7,-76.2167,64.45,72,90,6.91,overcast clouds
155,Dikson,73.5069,80.5464,40.62,100,100,24.58,overcast clouds
156,Brigham City,41.5102,-112.0155,93.18,31,1,1.99,clear sky
157,Norman Wells,65.282,-126.8329,71.64,60,75,12.66,broken clouds
158,Barrow,71.2906,-156.7887,35.62,93,90,12.66,overcast clouds
159,Nizhneangarsk,55.7833,109.55,50.61,92,74,1.68,broken clouds
160,Poum,-20.2333,164.0167,70.45,75,2,11.25,clear sky
161,Lakes Entrance,-37.8811,147.981,50.58,71,100,3.38,light rain
162,Davidson,36.1501,-86.7833,91.11,52,20,4.0,few clouds
163,Nanortalik,60.1432,-45.2371,45.23,88,26,12.01,scattered clouds
164,Nattam,10.2333,78.2333,80.02,66,100,5.26,overcast clouds
165,Fort Nelson,58.8053,-122.7002,54.99,94,75,6.91,light intensity shower rain
166,Camacha,33.0833,-16.3333,68.58,91,32,17.83,scattered clouds
167,Riverton,40.5219,-111.9391,93.7,35,1,1.01,clear sky
168,Maumere,-8.6199,122.2111,75.16,78,31,5.01,scattered clouds
169,Olinda,-8.0089,-34.8553,78.53,61,40,18.41,scattered clouds
170,Emba,48.8264,58.1442,85.68,31,21,5.06,few clouds
171,Yumen,40.2833,97.2,82.04,33,14,21.25,few clouds
172,Pauri,30.15,78.7833,66.38,84,56,3.4,broken clouds
173,Carnarvon,-24.8667,113.6333,55.47,76,2,6.91,clear sky
174,Huarmey,-10.0681,-78.1522,70.21,69,2,11.86,clear sky
175,Oktyabrskoye,43.0645,44.7417,64.54,100,79,11.18,broken clouds
176,Saint George,37.1041,-113.5841,92.88,39,69,2.89,broken clouds
177,Ilulissat,69.2167,-51.1,48.22,66,75,10.36,broken clouds
178,Longyearbyen,78.2186,15.6401,49.84,62,75,17.27,broken clouds
179,Suntar,62.1444,117.6319,61.63,84,68,4.72,broken clouds
180,Rawson,-43.3002,-65.1023,61.65,29,100,12.82,overcast clouds
181,Koumac,-20.5667,164.2833,66.31,81,2,6.85,clear sky
182,Grand Gaube,-20.0064,57.6608,70.38,69,44,7.0,scattered clouds
183,Kultuk,51.7208,103.6956,61.57,97,100,4.18,overcast clouds
184,Palmas,-10.2128,-48.3603,91.27,38,20,9.22,few clouds
185,Mayor Pablo Lagerenza,-19.9309,-60.7718,94.86,15,0,9.06,clear sky
186,Yichang,30.7144,111.2847,77.59,93,96,0.96,light rain
187,Mar Del Plata,-38.0023,-57.5575,63.12,59,0,11.01,clear sky
188,Cap Malheureux,-19.9842,57.6142,72.48,67,43,20.11,scattered clouds
189,Kapoeta,4.7717,33.5903,78.85,58,68,5.91,broken clouds
190,Sola,-13.8833,167.55,75.87,100,20,0.0,few clouds
191,Natal,-5.795,-35.2094,84.42,58,75,23.02,broken clouds
192,Imeni Babushkina,59.7573,43.1285,54.21,68,83,4.63,broken clouds
193,Naukot,24.8587,69.4024,87.19,68,0,16.33,clear sky
194,Sao Miguel Do Araguaia,-13.275,-50.1628,94.5,19,7,7.43,clear sky
195,Lavrentiya,65.5833,-171.0,38.68,87,100,4.74,overcast clouds
196,Plettenberg Bay,-34.0527,23.3716,48.13,80,87,7.0,light rain
197,Bengkulu,-3.8004,102.2655,75.42,87,13,3.6,few clouds
198,Boddam,57.4667,-1.7833,64.38,85,35,2.55,scattered clouds
199,San Quintin,30.4833,-115.95,76.19,69,14,10.49,few clouds
200,Erzin,36.9559,36.2,83.12,89,42,4.18,scattered clouds
201,Khatanga,71.9667,102.5,51.03,93,0,7.47,clear sky
202,Bodden Town,19.2833,-81.25,89.6,70,20,12.66,few clouds
203,Lorengau,-2.0226,147.2712,81.3,79,95,2.98,overcast clouds
204,Siilinjarvi,63.0833,27.6667,57.22,82,57,9.22,broken clouds
205,Killybegs,54.6333,-8.45,78.46,65,100,5.35,overcast clouds
206,Caravelas,-17.7125,-39.2481,74.62,65,6,9.69,clear sky
207,Thinadhoo,0.5333,72.9333,82.08,74,100,9.62,moderate rain
208,Lompoc,34.6391,-120.4579,84.13,77,90,9.22,mist
209,Baculin,7.4525,126.5842,79.95,68,100,4.32,overcast clouds
210,Saint-Joseph,-21.3667,55.6167,68.36,75,33,10.78,scattered clouds
211,Praia Da Vitoria,38.7333,-27.0667,73.65,64,40,12.71,scattered clouds
212,Marfino,55.7028,37.3822,61.95,54,17,5.68,few clouds
213,Cabedelo,-6.9811,-34.8339,77.54,78,66,18.81,broken clouds
214,Brae,60.3964,-1.353,53.51,80,98,8.28,overcast clouds
215,Jinchang,38.4953,102.1739,76.84,44,11,1.54,few clouds
216,San Patricio,28.017,-97.5169,91.49,51,34,12.88,scattered clouds
217,Dingle,10.9995,122.6711,77.09,88,100,11.03,overcast clouds
218,Bethel,41.3712,-73.414,82.09,54,20,1.01,few clouds
219,Bambous Virieux,-20.3428,57.7575,70.21,77,75,11.5,broken clouds
220,Hays,30.0502,-98.0336,91.27,63,5,5.99,clear sky
221,Berlevag,70.8578,29.0864,44.55,81,75,28.77,broken clouds
222,Dunedin,-45.8742,170.5036,41.81,72,3,1.99,clear sky
223,Borzya,50.3833,116.5167,61.74,97,98,2.77,overcast clouds
224,Balrampur,27.4333,82.1833,83.05,85,100,7.4,overcast clouds
225,Pevek,69.7008,170.3133,39.51,73,100,1.41,overcast clouds
226,College,64.8569,-147.8028,72.28,58,75,3.44,smoke
227,Tacuarembo,-31.7333,-55.9833,67.48,56,100,5.01,overcast clouds
228,Saint Anthony,45.0205,-93.218,84.25,60,75,9.22,broken clouds
229,Tuktoyaktuk,69.4541,-133.0374,50.0,100,90,17.27,mist
230,Buin,-33.7333,-70.75,79.12,20,100,3.18,overcast clouds
231,Satun,6.8333,100.0,76.44,96,100,1.54,overcast clouds
232,Kaitangata,-46.2817,169.8464,41.94,78,15,6.24,few clouds
233,Ostrovnoy,68.0531,39.5131,43.59,80,24,13.89,few clouds
234,Taman,45.2117,36.7161,71.92,66,93,11.5,overcast clouds
235,Grunberg,50.594,8.9587,75.49,94,0,2.93,clear sky
236,Porto Novo,6.4965,2.6036,80.42,76,18,8.59,few clouds
237,Ndele,8.4109,20.6473,69.19,98,100,2.71,overcast clouds
238,Suez,29.9737,32.5263,82.29,61,0,11.72,clear sky
239,San Rafael,-34.6177,-68.3301,72.41,13,100,7.96,overcast clouds
240,Pangnirtung,66.1451,-65.7125,48.2,81,75,19.57,broken clouds
241,Ambagarh Chauki,20.7833,80.7167,77.74,90,100,7.9,moderate rain
242,Rocha,-34.4833,-54.3333,59.9,64,100,6.33,overcast clouds
243,Sabha,27.0377,14.4283,89.71,20,0,11.39,clear sky
244,Along,28.1667,94.7667,75.38,96,8,1.7,clear sky
245,Yulara,-25.2406,130.9889,46.24,66,0,6.91,clear sky
246,Kodiak,57.79,-152.4072,54.91,88,90,14.97,moderate rain
247,Sao Felix Do Xingu,-6.6447,-51.995,97.45,24,47,5.03,scattered clouds
248,Kasamwa,-2.85,32.4333,69.03,37,1,3.24,clear sky
249,Esmeraldas,-19.7625,-44.3139,77.11,26,98,6.42,overcast clouds
250,Tuatapere,-46.1333,167.6833,39.81,86,10,5.35,clear sky
251,Verkhoyansk,67.5447,133.385,55.49,73,0,3.96,clear sky
252,Mattru,7.6244,-11.8332,74.1,96,99,4.07,moderate rain
253,Durban,-29.8579,31.0292,58.12,54,0,16.53,clear sky
254,Sinop,41.7711,34.8709,62.83,85,4,7.78,clear sky
255,Casablanca,33.5928,-7.6192,75.6,69,2,8.79,clear sky
256,Hithadhoo,-0.6,73.0833,79.92,81,100,13.22,light rain
257,North Bend,43.4065,-124.2243,76.24,62,1,13.8,clear sky
258,Harper,4.375,-7.7169,77.41,76,91,9.95,overcast clouds
259,Bambanglipuro,-7.95,110.2833,74.44,89,30,4.72,scattered clouds
260,Korla,41.7597,86.1469,87.49,20,94,4.61,overcast clouds
261,Bilma,18.6853,12.9164,102.67,12,100,8.84,overcast clouds
262,Zacatepec,18.65,-99.2,86.77,49,32,1.61,scattered clouds
263,Cayenne,4.9333,-52.3333,84.54,70,5,9.91,clear sky
264,Port Moresby,-9.4431,147.1797,72.72,88,67,9.04,broken clouds
265,Kautokeino,69.0125,23.0412,43.23,88,100,12.01,overcast clouds
266,Saint-Francois,46.4154,3.9054,80.04,47,0,5.75,clear sky
267,Itarema,-2.9248,-39.9167,83.34,65,8,20.07,clear sky
268,Tiznit,29.5833,-9.5,92.68,24,39,4.21,scattered clouds
269,Pozo Colorado,-23.4923,-58.7972,91.42,16,0,7.45,clear sky
270,Mackay,-21.15,149.2,54.05,93,7,4.61,clear sky
271,Maple Creek,49.9168,-109.4848,83.97,21,0,8.05,clear sky
272,Clyde River,70.4692,-68.5914,41.23,93,90,4.61,fog
273,Saint-Georges,12.0564,-61.7485,87.48,70,20,23.02,few clouds
274,Yarada,17.65,83.2667,79.12,89,75,11.5,broken clouds
275,Nikolskoye,59.7035,30.7861,67.89,72,100,6.42,light rain
276,Aklavik,68.2191,-135.0107,56.12,88,90,17.27,overcast clouds
277,Karratha,-20.7377,116.8463,69.75,35,43,10.94,scattered clouds
278,Tessalit,20.1986,1.0114,81.95,56,100,27.72,overcast clouds
279,Havoysund,70.9963,24.6622,43.68,77,100,21.32,overcast clouds
280,Port Blair,11.6667,92.75,82.24,86,100,21.9,light rain
281,Boralday,43.3578,76.8594,71.46,53,40,2.24,scattered clouds
282,Warmbad,-28.45,18.7333,45.64,36,0,9.33,clear sky
283,Weymouth,42.2209,-70.9398,83.28,51,40,1.01,scattered clouds
284,Jos,9.9167,8.9,66.02,94,78,6.42,moderate rain
285,Alta Floresta,-9.8756,-56.0861,96.62,23,20,11.5,few clouds
286,Bay Roberts,47.5999,-53.2648,55.15,92,94,5.99,overcast clouds
287,Lethem,3.3803,-59.7968,86.81,64,41,3.78,scattered clouds
288,Stromness,58.965,-3.296,57.45,89,14,6.98,few clouds
289,Lata,40.1629,-8.3327,80.04,59,78,7.49,broken clouds
290,Xuanwu,32.069,118.8138,79.81,96,38,7.16,scattered clouds
291,Kutum,14.2,24.6667,73.45,66,25,8.32,scattered clouds
292,Ojinaga,29.5667,-104.4167,94.57,33,1,10.36,clear sky
293,Orzesze,50.1559,18.7792,67.98,67,67,1.72,broken clouds
294,Green River,41.5286,-109.4662,85.19,26,94,10.63,overcast clouds
295,Yongan,39.6957,113.6871,60.6,95,100,5.93,overcast clouds
296,Bairnsdale,-37.8333,147.6167,50.47,88,100,1.21,moderate rain
297,Innisfail,-17.5333,146.0333,61.36,85,20,3.78,few clouds
298,Bhimunipatnam,17.8833,83.4333,78.31,85,100,9.78,overcast clouds
299,Kristiinankaupunki,62.2743,21.376,62.69,63,100,19.15,overcast clouds
300,Sao Joao Da Barra,-21.6403,-41.0511,75.29,67,49,9.82,scattered clouds
301,Port Elizabeth,-33.918,25.5701,48.49,76,75,21.85,light rain
302,Novyy Urengoy,66.0833,76.6333,55.11,64,99,7.43,overcast clouds
303,Arkhangelsk,64.5401,40.5433,47.17,92,77,5.46,broken clouds
304,Fare,-16.7,-151.0167,78.49,65,96,14.03,overcast clouds
305,Komsomolskiy,40.4272,71.7189,81.32,39,4,4.61,clear sky
306,Gat,31.61,34.7642,77.83,71,0,3.38,clear sky
307,Lewiston,44.1003,-70.2148,79.43,59,75,5.75,broken clouds
308,Morant Bay,17.8815,-76.4093,92.62,70,77,12.75,broken clouds
309,Oranjemund,-28.55,16.4333,55.6,55,0,21.14,clear sky
310,Mitsamiouli,-11.3847,43.2844,77.27,73,22,7.2,few clouds
311,Miles City,46.4083,-105.8406,97.77,24,20,6.91,few clouds
312,Deputatskiy,69.3,139.9,50.47,74,95,2.57,overcast clouds
313,Puerto Del Rosario,28.5004,-13.8627,76.75,65,20,19.57,few clouds
314,Puerto Escondido,15.85,-97.0667,89.91,59,77,9.01,broken clouds
315,La Romana,18.4273,-68.9728,90.39,51,9,15.46,clear sky
316,Chapleau,47.8405,-83.4034,73.49,40,40,11.5,smoke
317,Baruun-Urt,46.6806,113.2792,64.78,82,0,7.47,clear sky
318,Bell Ville,-32.6259,-62.6887,72.09,30,7,14.92,clear sky
319,Mount Gambier,-37.8333,140.7667,42.71,93,90,9.22,overcast clouds
320,Georgetown,5.4112,100.3354,85.95,72,20,3.44,few clouds
321,Ankang,32.68,109.0172,74.19,97,74,1.54,broken clouds
322,Isangel,-19.55,169.2667,73.99,88,95,9.46,overcast clouds
323,Sivas,39.7916,37.0019,65.03,77,0,11.5,clear sky
324,Kilimatinde,-5.85,34.95,68.7,55,18,5.32,few clouds
325,Tutoia,-2.7619,-42.2744,87.78,68,6,10.16,clear sky
326,Simao,22.7886,100.9748,65.05,100,99,0.83,overcast clouds
327,Narsaq,60.9167,-46.05,59.22,73,31,6.93,scattered clouds
328,Kendari,-3.945,122.4989,72.07,94,88,2.75,overcast clouds
329,Usinsk,65.9939,57.5281,49.82,56,46,9.37,scattered clouds
330,Tabas,33.5959,56.9244,94.42,12,27,7.29,scattered clouds
331,Culpeper,38.5004,-77.9664,85.84,39,40,4.61,scattered clouds
332,Cap-Aux-Meules,47.3821,-61.8597,59.05,100,90,11.5,light intensity shower rain
333,Dudinka,69.4058,86.1778,50.58,84,100,9.04,overcast clouds
334,Atar,20.5169,-13.0499,98.73,10,0,11.3,clear sky
335,Honiara,-9.4333,159.95,76.15,89,77,4.9,broken clouds
336,Decatur,39.8403,-88.9548,87.55,69,90,3.44,overcast clouds
337,Indianola,41.3581,-93.5574,86.49,59,3,11.92,clear sky
338,Lere,10.387,8.5726,70.12,95,98,6.33,light rain
339,Huejuquilla El Alto,22.6,-103.8667,76.57,46,99,1.59,overcast clouds
340,Maragogi,-9.0122,-35.2225,77.11,74,0,11.63,clear sky
341,Lac Du Bonnet,50.2536,-96.0612,86.99,44,99,9.48,overcast clouds
342,Taree,-31.9,152.4667,49.68,84,100,4.72,overcast clouds
343,Matay,28.419,30.7792,90.99,25,1,9.53,clear sky
344,Cuicatlan,17.8,-96.9667,86.79,46,48,6.82,scattered clouds
345,Victoria,22.2855,114.1577,84.33,87,100,1.01,overcast clouds
346,Moree,-29.4667,149.85,51.82,71,90,12.66,overcast clouds
347,Dali,25.7,100.1833,62.76,84,100,1.97,overcast clouds
348,Bathsheba,13.2167,-59.5167,86.61,70,40,18.41,scattered clouds
349,Gummidipundi,13.4,80.15,80.6,60,100,15.08,overcast clouds
350,Avera,33.194,-82.5271,90.72,56,78,1.77,broken clouds
351,Acapulco,16.8634,-99.8901,87.62,62,40,6.91,scattered clouds
352,Reconquista,-29.15,-59.65,76.75,31,20,8.61,few clouds
353,Shingu,33.7333,135.9833,75.9,88,75,5.32,broken clouds
354,Kruisfontein,-34.0033,24.7314,43.88,71,100,14.34,light rain
355,Severodvinsk,64.5635,39.8302,51.91,87,74,8.28,broken clouds
356,Comodoro Rivadavia,-45.8667,-67.5,66.06,32,75,19.57,broken clouds
357,Axim,4.8699,-2.2405,76.24,82,41,9.06,scattered clouds
358,Nuuk,64.1835,-51.7216,43.88,93,100,27.0,light rain
359,Forbes,-33.3833,148.0167,44.56,93,100,14.76,overcast clouds
360,Ayagoz,47.9714,80.4392,65.32,68,38,5.84,scattered clouds
361,The Valley,18.217,-63.0578,87.66,79,20,14.97,few clouds
362,Zhangye,38.9342,100.4517,81.59,31,14,6.8,few clouds
363,Hamilton,39.1834,-84.5333,82.99,52,1,1.01,clear sky
364,Poya,-21.35,165.15,63.81,87,0,2.84,clear sky
365,Wiang Sa,8.6359,99.3666,80.67,91,100,2.39,overcast clouds
366,Namibe,-15.1961,12.1522,66.78,76,4,2.62,clear sky
367,Broome,42.2506,-75.833,75.06,57,20,4.0,few clouds
368,Bredy,52.4153,60.3411,77.67,46,23,12.28,few clouds
369,Tual,-5.6667,132.75,79.75,81,94,15.5,overcast clouds
370,Imbituba,-28.24,-48.6703,69.69,68,0,9.64,clear sky
371,Westport,41.1415,-73.3579,83.98,51,75,1.01,broken clouds
372,Tomatlan,19.9333,-105.25,91.67,53,100,6.49,overcast clouds
373,Kiunga,-6.1219,141.2906,72.81,99,99,3.09,overcast clouds
374,Newberry,34.2746,-81.6187,92.86,62,0,2.86,clear sky
375,Bulawayo,-20.15,28.5833,52.99,16,0,11.56,clear sky
376,Lunenburg,44.3835,-64.3155,71.6,94,100,16.11,overcast clouds
377,Cherskiy,68.75,161.3,60.04,63,97,3.04,overcast clouds
378,Pineville,31.3224,-92.4343,89.89,61,1,5.75,clear sky
379,Jaguaribe,-5.8906,-38.6219,94.03,28,9,8.52,clear sky
380,Sorland,67.667,12.6934,49.86,80,100,12.8,overcast clouds
381,Ikoma,34.6833,135.7,78.01,89,8,3.4,clear sky
382,Dickinson,29.4608,-95.0513,92.17,68,75,1.01,broken clouds
383,Port Lincoln,-34.7333,135.8667,54.66,71,100,15.84,overcast clouds
384,Safford,32.834,-109.7076,94.12,29,1,8.05,clear sky
385,Vardo,70.3705,31.1107,44.8,81,75,24.16,broken clouds
386,Manaure,11.7751,-72.4445,91.96,48,100,21.3,overcast clouds
387,Ullal,12.8,74.85,79.75,89,75,3.44,mist
388,Hovd,48.0056,91.6419,74.95,26,100,4.29,overcast clouds
389,Sunndalsora,62.6754,8.5515,57.25,81,43,6.46,scattered clouds
390,Vanavara,60.34,102.2797,58.05,94,100,3.47,overcast clouds
391,Esil,51.9556,66.4042,75.67,33,1,14.45,clear sky
392,Stephenville,32.2207,-98.2023,91.92,50,40,6.91,scattered clouds
393,Bonfim,3.0833,-59.95,87.33,61,32,3.98,scattered clouds
394,Fortuna,40.5982,-124.1573,65.93,77,40,3.0,scattered clouds
395,Mercedes,-34.6515,-59.4307,71.19,55,98,9.26,overcast clouds
396,Novo Aripuana,-5.1206,-60.3797,97.03,30,92,2.39,overcast clouds
397,Walla Walla,46.0646,-118.343,76.89,38,1,3.0,clear sky
398,Tlapehuala,18.2167,-100.5167,87.62,64,79,0.67,broken clouds
399,Ahipara,-35.1667,173.1667,52.14,89,31,2.66,scattered clouds
400,Dhidhdhoo,6.8833,73.1,83.1,77,99,18.1,overcast clouds
401,Egvekinot,66.3167,-179.1667,40.69,81,97,1.59,overcast clouds
402,Coahuayana,18.7333,-103.6833,91.62,58,100,5.12,overcast clouds
403,Sokolovskoye,45.2583,40.6797,72.03,74,0,13.67,clear sky
404,Walvis Bay,-22.9575,14.5053,58.15,58,0,5.75,clear sky
405,Guerrero Negro,27.9769,-114.0611,81.73,51,7,10.6,clear sky
406,Opuwo,-18.0607,13.84,62.6,22,0,8.63,clear sky
407,Melfi,40.9965,15.6514,79.48,36,0,3.76,clear sky
408,Souris,49.6172,-100.2612,78.66,37,0,4.43,clear sky
409,Ouadda,8.0777,22.4007,68.49,99,100,4.32,overcast clouds
410,Thohoyandou,-22.9456,30.485,53.04,13,0,6.08,clear sky
411,San Fernando,15.0286,120.6898,80.96,95,100,10.54,light rain
412,Katsina,12.9894,7.6006,83.5,56,78,14.5,light rain
413,Abu Kamal,34.4506,40.9171,95.27,31,0,12.39,clear sky
414,Okhotsk,59.3833,143.3,55.65,95,98,4.54,overcast clouds
415,Vila Velha,-20.3297,-40.2925,75.96,71,75,11.5,broken clouds
416,Wagga Wagga,-35.1167,147.3667,43.61,100,100,10.36,light rain
417,Gasa,31.5,34.4667,82.9,67,0,4.23,clear sky
418,Nemuro,43.3236,145.575,63.19,92,100,9.26,overcast clouds
419,Khandyga,62.6667,135.6,57.0,97,11,1.63,few clouds
420,Udachnyy,66.4167,112.4,59.68,71,66,3.87,broken clouds
421,Inhambane,-23.865,35.3833,64.38,72,0,11.5,clear sky
422,Malindi,-3.2175,40.1191,76.32,78,5,16.62,clear sky
423,La Ronge,55.1001,-105.2842,80.85,57,75,6.91,smoke
424,Manado,1.487,124.8455,75.97,94,20,2.3,few clouds
425,La Troncal,-2.4,-79.3333,85.32,43,87,5.41,overcast clouds
426,Faya,18.3851,42.4509,66.72,85,94,11.18,overcast clouds
427,Caldas Novas,-17.7417,-48.625,85.5,21,0,10.04,clear sky
428,Guymon,36.6828,-101.4816,91.35,31,1,19.57,clear sky
429,North Platte,41.1239,-100.7654,89.49,43,1,12.66,clear sky
430,Champoton,19.35,-90.7167,94.84,41,0,2.71,clear sky
431,Worland,44.0169,-107.9554,85.35,32,20,4.61,few clouds
432,Asau,46.4333,26.4,64.4,79,30,3.78,scattered clouds
433,Fairbanks,64.8378,-147.7164,69.76,60,40,3.44,smoke
434,Nazira,26.9167,94.7333,78.93,93,10,3.44,clear sky
435,Roald,62.5833,6.1333,59.16,76,75,6.91,broken clouds
436,Biak,-0.9131,122.8766,73.99,89,96,8.5,overcast clouds
437,Muhos,64.808,25.9931,60.58,65,100,5.77,overcast clouds
438,Alyangula,-13.8483,136.4192,64.27,88,49,2.3,scattered clouds
439,Mpongwe,-13.5091,28.155,65.37,38,0,8.79,clear sky
440,Tuy Hoa,13.0833,109.3,84.2,62,100,12.84,overcast clouds
441,Buala,-8.145,159.5921,79.54,84,31,6.42,light rain
442,Henties Bay,-22.116,14.2845,56.86,72,0,8.08,clear sky
443,Luena,-11.7833,19.9167,58.12,26,3,4.14,clear sky
444,Ziro,27.6333,93.8333,59.76,95,8,2.17,clear sky
445,Rajpipla,21.8667,73.5,82.24,86,100,7.63,overcast clouds
446,Kurilsk,45.2333,147.8833,57.42,91,100,6.02,overcast clouds
447,Tilichiki,60.4667,166.1,57.27,66,100,0.54,overcast clouds
448,Baniyas,35.1819,35.9487,80.89,77,73,8.32,broken clouds
449,Borovskoy,53.8,64.15,77.88,53,83,8.59,broken clouds
450,Zinder,13.8072,8.9881,87.76,51,0,9.22,clear sky
451,Carballo,43.213,-8.691,71.02,88,31,3.49,scattered clouds
452,Jishu,44.3167,126.8,72.27,90,100,4.25,overcast clouds
453,Jiwani,25.05,61.7417,86.7,82,0,22.08,clear sky
454,Arlit,18.7369,7.3853,82.83,58,100,27.02,overcast clouds
455,Nizwa,22.9333,57.5333,83.05,64,82,4.92,broken clouds
456,La Paz,-16.5,-68.15,60.78,21,20,11.5,few clouds
457,Pacific Grove,36.6177,-121.9166,79.43,83,40,4.0,scattered clouds
458,Ingham,42.6,-84.3833,80.17,53,40,6.91,scattered clouds
459,Neuquen,-38.9516,-68.0591,62.49,42,0,9.22,clear sky
460,Quezon,7.7303,125.0989,71.62,96,100,3.6,overcast clouds
461,Los Llanos De Aridane,28.6585,-17.9182,72.12,81,0,19.57,clear sky
462,Raymondville,26.4815,-97.7831,88.21,44,81,14.29,light rain
463,Srednekolymsk,67.45,153.6833,55.99,62,33,9.71,scattered clouds
464,Russell,32.3502,-85.1999,89.38,67,75,6.91,broken clouds
465,Sangar,63.9242,127.4739,56.37,79,37,2.8,scattered clouds
466,Nosy Varika,-20.5833,48.5333,66.97,85,1,3.06,clear sky
467,Pontes E Lacerda,-15.2261,-59.3353,94.69,17,0,5.73,clear sky
468,Xalpatlahuac,17.4667,-98.6167,75.42,61,61,3.06,broken clouds
469,Porto Walter,-8.2686,-72.7439,91.8,28,11,3.58,few clouds
470,Kloulklubed,7.0419,134.2556,82.9,75,100,17.31,overcast clouds
471,That Phanom,16.9364,104.7104,75.13,96,100,14.25,light rain
472,Tinaquillo,9.9186,-68.3047,89.67,88,82,3.38,broken clouds
473,Zonguldak,41.25,31.8333,60.96,91,79,2.24,broken clouds
474,Tupik,54.4253,119.9327,63.32,99,100,3.29,light rain
475,Leh,34.1667,77.5833,62.11,48,37,5.37,scattered clouds
476,Burnie,-41.0667,145.9167,51.93,80,100,11.05,light rain
477,Suifenhe,44.4,131.1667,68.34,93,83,3.18,broken clouds
478,San Andres,12.5847,-81.7006,87.82,70,90,17.27,haze
479,Road Town,18.4167,-64.6167,87.84,74,40,10.36,scattered clouds
480,Chokurdakh,70.6333,147.9167,40.39,74,5,6.91,clear sky
481,Bonthe,7.5264,-12.505,76.64,88,72,8.3,moderate rain
482,Dedza,-14.3779,34.3332,59.5,53,30,2.77,scattered clouds
483,Menongue,-14.6585,17.691,56.46,21,100,5.01,overcast clouds
484,Sam Roi Yot,12.2708,99.872,87.96,71,100,11.56,overcast clouds
485,Satipo,-11.2522,-74.6386,87.44,40,22,2.1,few clouds
486,Castanos,26.7833,-101.4167,80.35,70,64,2.33,broken clouds
487,Ambulu,-8.345,113.6058,73.22,91,14,3.85,few clouds
488,Washougal,45.5826,-122.3534,77.05,55,1,5.75,clear sky
489,Vestmannaeyjar,63.4427,-20.2734,53.6,95,100,20.98,overcast clouds
490,Songea,-10.6833,35.65,65.64,58,98,1.74,overcast clouds
491,Pangody,65.85,74.4859,51.39,66,100,6.46,overcast clouds
492,Surt,31.2089,16.5887,80.47,68,0,12.93,clear sky
493,Tahta,26.7693,31.5021,95.32,25,0,14.05,clear sky
494,Guangshui,31.6199,113.9978,75.43,97,100,5.5,overcast clouds
495,Birjand,32.8663,59.2211,79.27,11,0,6.91,clear sky
496,Jamame,0.0722,42.7506,75.52,78,76,13.0,broken clouds
497,Mozelos,41.8677,-8.3978,86.29,65,33,4.79,scattered clouds
498,Manono,-7.3,27.4167,79.74,29,11,5.55,few clouds
499,Paripiranga,-10.6875,-37.8617,75.54,57,64,15.75,broken clouds
500,Crossville,35.949,-85.0269,83.79,55,1,4.0,clear sky
501,Adelaide,-34.9333,138.6,47.59,90,75,2.3,broken clouds
502,Saint-Pierre,-21.3393,55.4781,69.44,72,0,6.91,clear sky
503,Hofn,64.2539,-15.2082,54.21,89,100,11.65,light rain
504,Salinopolis,-0.6136,-47.3561,83.23,72,29,13.24,scattered clouds
505,Bowen,-20.0167,148.2333,48.42,73,41,3.65,scattered clouds
506,Bandarbeyla,9.4942,50.8122,78.24,82,100,31.61,overcast clouds
507,Pimentel,-6.8367,-79.9342,73.69,75,90,3.0,overcast clouds
508,Brooks,50.5834,-111.8851,80.58,22,0,10.36,clear sky
509,Aksu,41.1231,80.2644,69.6,70,6,6.51,clear sky
510,Zhigalovo,54.8097,105.1578,56.3,89,12,3.49,few clouds
511,Sarh,9.1429,18.3923,75.11,88,40,0.0,scattered clouds
512,Gravdal,68.1214,13.5031,48.09,87,75,8.05,broken clouds
513,Khor,47.8861,134.9464,73.11,81,100,4.45,overcast clouds
514,Gayny,60.3071,54.3241,55.27,90,100,4.83,overcast clouds
515,Cacapava Do Sul,-30.5122,-53.4914,62.8,54,6,4.59,clear sky
516,Ugoofaaru,5.6667,73.0,82.47,77,100,16.24,moderate rain
517,Agirish,61.9247,63.0231,55.78,97,100,5.86,moderate rain
518,Nijar,36.9665,-2.206,83.88,89,0,9.22,clear sky
519,Ithaca,42.4406,-76.4966,77.2,60,75,1.01,broken clouds
520,Churapcha,62.0025,132.4325,58.23,85,100,1.81,overcast clouds
521,Arrifes,37.7667,-25.7,71.85,56,20,12.66,few clouds
522,Hauterive,46.0901,3.4459,79.56,71,0,4.36,clear sky
523,Coracao De Jesus,-16.6853,-44.365,81.32,21,88,7.76,overcast clouds
524,Conceicao Da Barra,-18.5933,-39.7322,74.12,62,100,8.88,overcast clouds
525,Chabahar,25.2919,60.643,88.48,78,0,18.39,clear sky
526,Salinas,36.6777,-121.6555,71.78,48,0,8.48,clear sky
527,Kungurtug,50.5994,97.5228,59.4,68,100,1.05,overcast clouds
528,Fallon,39.4735,-118.7774,89.46,13,40,8.05,smoke
529,Boyolangu,-8.1181,111.8935,74.12,92,98,3.36,overcast clouds
530,Kupang,-10.1667,123.5833,70.84,80,0,5.57,clear sky
531,Tautira,-17.7333,-149.15,78.82,73,34,11.54,scattered clouds
532,Krasnogorodsk,56.8357,28.2822,60.04,72,10,6.17,clear sky
533,Nouakchott,18.0858,-15.9785,76.93,73,28,20.89,scattered clouds
534,Phalaborwa,-23.943,31.1411,58.28,11,0,7.67,clear sky
535,Kaeo,-35.1,173.7833,45.32,96,13,3.13,few clouds
536,Boguchany,58.3814,97.4531,54.75,87,1,2.57,clear sky
537,Port-Gentil,-0.7193,8.7815,75.16,76,97,13.15,overcast clouds
538,Mayo,38.8876,-76.5119,84.74,47,1,1.01,clear sky
539,Santo Tomas,14.1079,121.1414,79.38,96,100,11.79,moderate rain
540,Husavik,66.0449,-17.3389,69.71,70,73,4.68,broken clouds
541,Amapa,1.0,-52.0,82.78,81,100,4.03,overcast clouds
542,Flinders,-34.5833,150.8552,55.38,68,100,1.01,light rain
543,Kismayo,-0.3582,42.5454,76.35,79,11,16.33,few clouds
544,Vieux Fort,13.7167,-60.95,87.12,70,40,19.57,scattered clouds
545,Nhulunbuy,-12.2333,136.7667,70.41,94,75,0.0,broken clouds
546,Petropavlovsk-Kamchatskiy,53.0452,158.6483,52.39,100,90,2.24,fog
547,Itaituba,-4.2761,-55.9836,93.36,62,40,9.22,scattered clouds
548,Vanimo,-2.6741,141.3028,77.9,90,96,4.79,overcast clouds
549,Gao,16.6362,1.637,96.44,31,14,12.59,few clouds
550,Labuhan,-6.8844,112.2051,77.31,81,94,6.87,overcast clouds
551,Hailey,43.5196,-114.3153,82.9,38,1,5.75,clear sky
552,Jimenez,28.3333,-105.4,90.09,26,10,11.23,clear sky
553,Tsumeb,-19.2333,17.7167,45.95,23,0,10.65,clear sky
554,Mnogovershinnyy,53.9353,139.9242,63.18,76,5,1.43,clear sky
555,Poronaysk,49.2167,143.1167,62.51,96,98,0.63,overcast clouds
556,Tingi,-11.3,35.0333,60.13,72,54,2.19,broken clouds
557,Havelock,34.8791,-76.9013,89.02,78,20,5.01,few clouds
558,Gloversville,43.0528,-74.3438,79.52,61,40,4.0,scattered clouds
559,Mount Isa,-20.7333,139.5,51.57,58,100,0.0,overcast clouds
560,Tevriz,57.509,72.4042,70.3,62,76,8.81,broken clouds
561,Rognan,67.0953,15.3878,50.14,91,100,8.32,overcast clouds
562,Camopi,3.1655,-52.3158,81.05,91,15,3.96,few clouds
563,Asbe Teferi,9.0833,40.8667,64.26,80,100,3.2,light rain
564,Camara De Lobos,32.6333,-16.9667,79.72,73,40,18.41,scattered clouds
565,Maceio,-9.6658,-35.7353,80.04,61,40,11.5,scattered clouds
566,Kalevala,65.2,31.1667,51.21,81,100,4.88,overcast clouds
567,Chara,56.9064,118.2631,62.56,96,100,2.68,moderate rain
568,Dhing,26.4667,92.4667,81.99,88,100,4.16,overcast clouds
569,Saint-Michel-Des-Saints,46.6834,-73.9159,72.25,37,73,7.49,broken clouds
570,Heidelberg,-26.5048,28.3592,42.94,56,0,5.08,clear sky
571,Batemans Bay,-35.7167,150.1833,46.9,67,100,5.03,overcast clouds
572,Port Antonio,18.18,-76.4612,92.91,69,100,7.07,overcast clouds
573,Ippy,6.2679,21.2247,70.0,97,100,3.29,overcast clouds
574,Batagay,67.6333,134.6333,53.1,79,6,3.18,clear sky
575,Kuusamo,65.9667,29.1833,50.04,87,40,5.75,scattered clouds
576,Vanderhoof,54.0166,-124.0198,62.08,44,100,14.9,overcast clouds
577,Araouane,18.9048,-3.5265,100.04,22,52,11.65,broken clouds
578,Jepara,-5.1695,105.7044,74.84,93,34,2.55,scattered clouds
579,Meulaboh,4.1363,96.1285,77.16,89,97,3.33,overcast clouds
580,Nelson Bay,-32.7167,152.15,52.11,89,100,1.01,light rain
581,Bella Union,-30.2752,-57.6007,71.51,53,20,7.96,few clouds
582,Zalantun,48.0,122.7167,69.66,93,69,2.73,moderate rain
583,Prince Rupert,54.3161,-130.3201,55.49,85,90,5.75,light rain
584,Shimoda,34.6667,138.95,75.11,83,30,4.27,scattered clouds
585,Tazovskiy,67.4667,78.7,46.69,84,25,12.55,scattered clouds
586,Tremedal,-14.9758,-41.4108,79.18,41,3,10.87,clear sky
587,Dois Corregos,-22.3661,-48.3803,83.55,17,0,8.52,clear sky
588,Kulhudhuffushi,6.6221,73.07,83.01,78,95,17.54,overcast clouds
589,Xuddur,4.1213,43.8894,76.37,62,45,20.38,scattered clouds
590,Leningradskiy,69.3833,178.4167,38.19,81,92,5.37,overcast clouds
591,Masvingo,-20.0637,30.8277,55.89,29,0,5.3,clear sky
592,Sinnamary,5.3833,-52.95,84.85,72,18,11.39,few clouds
593,Paamiut,61.994,-49.6678,42.85,97,100,17.2,light rain
594,Chilca,-12.5211,-76.7372,70.61,78,17,9.37,few clouds
595,Minab,27.1467,57.0801,92.7,62,0,3.87,clear sky
596,Tera,14.0078,0.7531,95.63,33,13,5.7,few clouds
597,Kanniyakumari,8.0833,77.5667,80.04,82,100,23.91,overcast clouds
598,Pierre,44.3683,-100.351,102.99,36,1,5.75,clear sky
599,High Prairie,55.4334,-116.4858,52.9,34,9,18.05,clear sky
600,Nome,64.5011,-165.4064,47.16,70,90,10.36,overcast clouds
601,Ngunguru,-35.6167,174.5,45.16,88,15,6.11,few clouds
602,Noumea,-22.2763,166.4572,60.78,82,17,1.92,few clouds
603,Tinskoy,56.1525,96.9161,54.39,91,3,1.19,clear sky
604,Bhadrak,21.0633,86.5054,83.08,83,100,5.17,heavy intensity rain
605,Antofagasta,-23.65,-70.4,65.21,63,36,6.55,scattered clouds
606,Xiaoweizhai,26.1903,107.5125,70.99,97,97,1.97,light rain
607,Anamur,36.0751,32.8369,82.42,68,45,12.8,scattered clouds
608,Chabua,27.4825,95.1736,80.44,87,10,4.05,clear sky
609,Bubaque,11.2833,-15.8333,80.78,85,24,14.97,few clouds
610,Nouadhibou,20.931,-17.0347,73.38,68,5,19.57,clear sky
611,Mexico,15.0646,120.7198,78.87,95,100,9.8,light rain
612,Sur,22.5667,59.5289,94.64,47,22,11.18,few clouds
613,Thurso,58.5927,-3.5259,57.45,85,70,5.61,broken clouds
614,Bonavista,48.6499,-53.1147,57.2,83,100,11.43,overcast clouds
615,Iquique,-20.2208,-70.1431,60.84,69,20,5.26,few clouds
616,Yaan,7.3833,8.5667,72.91,92,100,6.13,overcast clouds
617,Arvika,59.6553,12.5852,75.9,59,1,7.52,clear sky
618,Iralaya,15.0,-83.2333,87.89,73,7,15.21,clear sky
619,Hemnesberget,66.2333,13.6333,52.52,91,100,7.83,overcast clouds
620,Kenora,49.8167,-94.4337,72.79,88,75,10.36,broken clouds
621,Portland,45.5234,-122.6762,75.88,55,20,4.0,few clouds
622,Long Xuyen,10.3833,105.4167,76.93,92,100,6.33,overcast clouds
623,Khash,28.2211,61.2158,82.74,13,0,7.07,clear sky
624,Odweyne,9.4092,45.064,79.25,41,79,15.01,broken clouds
625,Kaset Sombun,16.2805,101.9542,75.13,95,100,6.62,light rain
626,Antakya,36.2066,36.1572,84.02,82,30,8.66,scattered clouds
627,Mehamn,71.0357,27.8492,44.51,82,100,24.14,overcast clouds
628,Tsaratanana,-16.7833,47.65,64.26,72,0,6.98,clear sky
629,Ayr,55.4627,-4.6339,80.58,50,20,5.75,few clouds
630,Lagoa,39.05,-27.9833,67.26,73,0,11.56,clear sky
631,Calbuco,-41.768,-73.1273,52.81,95,100,9.28,light rain
632,Puerto Colombia,10.9878,-74.9547,89.69,72,95,22.28,overcast clouds
633,Maridi,4.9158,29.4742,70.03,90,100,1.48,light rain
634,Port-Cartier,50.0334,-66.8654,64.62,67,99,5.75,overcast clouds
635,Duobao,30.67,112.6895,76.48,92,99,5.66,overcast clouds
636,Tura,25.5198,90.2201,75.45,97,100,5.64,overcast clouds
637,Tulsipur,28.131,82.2973,76.64,89,100,3.67,overcast clouds
638,Victor Harbor,-35.5667,138.6167,48.2,95,77,0.18,broken clouds
639,Mina,26.0011,-100.5299,90.3,57,100,6.15,overcast clouds
640,Berdigestyakh,62.0989,126.6992,60.48,69,100,1.57,overcast clouds
641,Saint-Andre-Avellin,45.7168,-75.066,77.88,37,15,8.97,few clouds
642,Beyneu,45.3167,55.2,95.36,18,76,15.97,broken clouds
643,Barcelona,41.3888,2.159,92.53,62,0,1.01,clear sky
644,Santiago,-33.4569,-70.6483,84.29,18,100,3.44,overcast clouds
645,Atbasar,51.8,68.3333,69.96,44,1,8.21,clear sky
646,Siderno,38.2779,16.302,81.19,78,1,10.38,clear sky
647,Solnechnyy,50.7214,136.6319,72.81,78,60,2.1,broken clouds
648,Rexburg,43.826,-111.7897,87.78,25,1,12.66,clear sky
649,Yar-Sale,66.8333,70.8333,48.15,66,53,6.31,broken clouds
650,Gizo,-8.103,156.8419,80.55,80,42,4.74,light rain
651,Astoria,46.1879,-123.8313,70.72,73,1,5.01,clear sky
652,Novopavlovka,51.2172,109.2091,55.87,97,12,2.86,few clouds
653,Denia,38.8408,0.1057,89.96,63,0,11.16,clear sky
654,Bardiyah,31.7561,25.0865,79.79,77,0,14.32,clear sky
655,Boda,4.3189,17.4695,70.14,94,100,2.39,overcast clouds
656,Ust-Kuyga,70.0167,135.6,51.55,74,100,4.94,overcast clouds
657,Elesbao Veloso,-6.2019,-42.1403,96.55,21,5,9.64,clear sky
658,Benicarlo,40.4165,0.4271,89.91,68,0,6.82,clear sky
659,Mobaye,4.319,21.1786,72.27,94,100,2.44,light rain
660,Ruteng,-8.6136,120.4721,59.95,91,36,2.73,scattered clouds
661,Oriximina,-1.7656,-55.8661,92.01,44,59,7.99,broken clouds
662,Simbahan,6.3032,120.5836,82.63,79,100,14.94,overcast clouds
663,Naze,28.3667,129.4833,77.31,90,100,25.66,overcast clouds
664,Mastic Beach,40.7668,-72.8521,84.22,52,1,1.99,clear sky
665,Roebourne,-20.7833,117.1333,70.34,34,28,10.87,light rain
666,Owensboro,37.7742,-87.1133,87.64,65,75,4.61,haze
667,Qasigiannguit,68.8193,-51.1922,48.45,87,100,3.98,overcast clouds
668,Novyy Khushet,42.8994,47.5604,84.16,62,20,6.71,few clouds
669,Normandin,48.8333,-72.5321,71.91,46,96,10.36,overcast clouds
